"Logo","Nom","Secteur","Année de création","Label Date","Site web","Résumé","Founders","Courriel","Téléphone"
"undefined","ODIX","Business Software and services","2021","05/2021","","ODIX est un ERP qui regroupe tous les besoins d’une PME dans un seul endroit.","Anis ZehaniAnissa Zehani","n.a.","n.a."
"undefined","On hand Apps","Business Software and services","2021","01/2022","","On Hand Apps développe et commercialise des applications utilitaires simples et pratiques qui permettent notamment de localiser des airpods perdus, imprimer, scanner et signer des documents","Foued Amiri Malek Amiri","n.a.","n.a."
"undefined","WorkPoint / X-Point","Business Software and services","2021","12/2021","","WorkPoint est une plateforme permettant de gérer les différentes interactions entre les employés et l'environnement de travail offrant une vue 360° de l’employé.","Amira Hasnaoui Montassar Bach Ouerdiane","n.a.","n.a."
"undefined","Autoween","Business Software and services","2020","05/2021","","Plateforme conçue pour gérer les autoécoles et les mettre en relation avec des clients à travers un annuaire public","Mouheb KraiemMaha Benmohamed","n.a.","n.a."
"undefined","Rednaks – Fenix","Business Software and services","2020","05/2021","","Rednaks via son application TAWA WEB a pour objectif de digitaliser les services et les processus métiers des entreprises.","Skander Chouka","n.a.","n.a."
"undefined","Domicilier.tn","Business Software and services","2020","11/2021","","Une solution de domiciliation 100% en ligne basée sur la signature électronique et une application mobile pour consulter les courriers en temps réel","Aymen MokademHaykel Ben othman","n.a.","n.a."
"undefined","ellz and beyond Tunisie","Business Software and services","2020","02/2021","","Ellz and beyond développe des solutions pour auditer, gérer et optimiser les espaces des travail des grands comptes privés et publics.","Aymen Ellouze","n.a.","n.a."
"undefined","Symmetryk","Business Software and services","2012","04/2019","","Symmetryk : Une plateforme d'échange de documents entre le siège, filiales et les équipes sur le terrain.","Khaled FradRamzi Mrad","n.a.","n.a."
"undefined","RGPD Tunisie","Business Software and services","2023","07/2023","","RGPD Tunisie est une startup spécialisée dans la legaltech, proposant une approche digitalisée pour un diagnostic rapide et fiable de la conformité en matière de protection des données personnelles. Elle offre des services d'audit de conformité et d'évaluation des risques, ainsi que des mesures de régularisation et d'accompagnement pour aider les entreprises à gérer efficacement leurs obligations juridiques et à renforcer la confiance des clients dans la protection de leurs données.","wissal douissaRayen CHERNISlim ABDELJELIL","contact@rgpd-tunisie.tn","(+216) 73 204 870"
"undefined","ContyFind","Business Software and services","2023","04/2023","","null","Aymen SarrajMaan mrabetHassen Tahri","n.a.","n.a."
"undefined","Above Creation","Business Software and services","2020","02/2022","","ABOVE Creation, utilise la technologie de réalité augmentée pour créer des plateformes qui aident les marques à vendre plus et à réduire leurs retour produits.","Ahmad Melki","n.a.","n.a."
"undefined","RAIS / SMART QUALITY GATE","Business Software and services","2019","02/2022","","SMART QUALITY GATE propose des solutions pouvant faciliter la mise en œuvre des projets de transformation agile, digitale ou pratiques.","Asma Reghimi","n.a.","n.a."
"undefined","UniQ Soft Technology","Business Software and services","2016","05/2019","","UniQ Soft Technology: Conception et Développement d'un système d'information financière UniQ doté d’un moteur Comptable capable de résoudre les problèmes de reporting et de comptabilité les plus complexes dans le secteur bancaire.","Bechir Yakhlef","n.a.","n.a."
"undefined","Kuiklink Technologies","Business Software and services","2019","01/2020","","Kuiklink Technologies est spécialisée en terminaux WiFi et vise à intégrer des solutions innovantes en terme de création de service et d'amélioration de la QoE. Les missions incluent le développement des appliances hotspot, WISP et technologies y liées ainsi que l'implémentation des solutions personnalisées pour les entreprises.","Lotfi Aguerbaoui","n.a.","n.a."
"undefined","AbrarCom Analytics","Business Software and services","2017","02/2020","","AbrarCom Analytics est un outil de reporting basé sur la Business Intelligence destiné à diffuser des rapports d'activité précis selon un format prédéterminé.","Houssem NouriSlim Ben SalahAmira Ben FaizaHaythem Farhati","n.a.","n.a."
"undefined","Digital Catering Solution","Business Software and services","2024","02/2024","","null","salmen ajiliMahdi AbdelmalekSahbi Ben hmida","n.a.","n.a."
"undefined","Dqlick","Business Software and services","2018","05/2019","","Dqlick est une insurtech spécialisée dans la digitalisation et la transformation numérique dans le domaine de l’assurance des personnes.","Hamdi Bouslah","n.a.","n.a."
"undefined","Taysir Solutions Tunisia","Business Software and services","2015","05/2019","","Taysir Solutions Tunisia, fournisseur de plateforme pour les agences de voyage à travers le monde. On a trois logiciels qui sont utilisés pour la gestion des visas, gestion de billetterie et réservation d'hôtel.","Fakhreddine HachfiMohamed Belghith","n.a.","n.a."
"undefined","SIMARL","Business Software and services","2018","09/2019","","SIMARL est spécialisée dans l'administration des résolutions des litiges : consultation, organisation, promotion des modes alternatifs de règlement des conflits...","kaouthar SALMI","salmi.kaouthar@gmail.com","26837765"
"undefined","iCompass","Business Software and services","2019","09/2019","","ICOMPASS mesure l'opinion perçue sur le digital : Rapports en temps réel fourni par un modèle DeepLearning. Le modèle comprend les dialectes arabes et africains.","Ahmed NouisserMohamed Hatem Haddad","n.a.","n.a."
"undefined","FlowsMaster","Business Software and services","2020","10/2020","","Technagile Innovation Labs propose des solutions innovantes pour servir ses clients dans leurs transformation digitale, basées sur les dernières technologies. Grâce à la RFID et à l'intelligence artificielle, ils offrent une expérience client unique à des prix accessibles.","Jamel GasriNesrine Ben GuiratWajih AbidiKhaled Ben YounesAhmed Mnasri","n.a.","n.a."
"undefined","Link 2 Grow Network","Business Software and services","2023","01/2024","","Plateforme de mise en relation franchiseur - franchisé","Rym AyariWalid Ayari","agora@planet.tn","55433111"
"undefined","Dyxis Cloud Provider","Business Software and services","2018","01/2023","","Cloud Provider: Allocation dynamique des ressources de calcul et de stockage sur le cloud,
 Plan de continuité d'activité sur le cloud,
 Cloudification assistée des systèmes on-premise","Skander Zoghlami","hello@dyxis.com","70938992"
"undefined","MSS GROUP","Business Software and services","2020","09/2021","","MSS GROUP se spécialise dans le développement de solution IT, de gestion, de contrôle, de maintenance et d'installation à distance des caisses enregistreuses","Michela LUCIFEROOttavio Lucifero","n.a.","n.a."
"undefined","Think-it","Business Software and services","2017","05/2020","","Notre collectif élabore des solutions IA et Cloud pour aider les leaders de l'innovation à obtenir des résultats de haute qualité à moindre coût.","Mehemed BougseaJosha Raue","n.a.","n.a."
"undefined","SAQARA INTERNATIONAL","Business Software and services","2020","03/2021","","SAQARA est une plateforme SaaS qui s'adresse à tous les acteurs de la construction, la solution permet de digitaliser et automatiser la gestion des appels d'offres.","Rudolph Cerqueira","n.a.","n.a."
"undefined","Poly","Business Software and services","2025","11/2025","","null","Mohamed Taha Stafares makki","n.a.","n.a."
"undefined","UCOD","Business Software and services","2023","01/2024","","UCOD est une plateforme de script visuel révolutionnaire qui rend le développement logiciel accessible à tous. Elle propose une interface conviviale pour créer des logiciels sans écrire de code, idéale aussi bien pour les débutants que pour les développeurs expérimentés.","Mouadh Hsoumi","contact@ucod.io","0021622083857"
"undefined","E-Tafakna","Business Software and services","2022","07/2022","","E-Tafakna est une application mobile (iOS/android) et une plateforme qui proposent des contrats et des documents juridiquement contraignants que vous pouvez créer, gérer, négocier, signer électroniquement et envoyer.","Norchen Mezni","n.a.","n.a."
"undefined","B2B Tunisia","Business Software and services","2018","07/2021","","B2B Tunisia est une plateforme qui permet aux entreprises de mettre en avant leurs produits et services ainsi que d'autres services dans le but de les mettres en relation avec d'autre sociétés.","Mohamed Bechir ChnitiNedra Neffeti","n.a.","n.a."
"undefined","Go Online Africa","Business Software and services","2019","04/2020","","GOA est une société de service e-commerce à destination des marques qui intervient sur l’ensemble de la chaine de valeur e-commerce : logistique, gestion des e-boutiques...""","Emna MakniSalma Amor","n.a.","n.a."
"undefined","Pas Comme Eux","Business Software and services","2023","05/2023","","Pas Comme Eux est une société créative axée sur la durabilité, opérant à partir de Tunis, en Tunisie. Nous travaillons dans tous les domaines du divertissement moderne, avec des artistes et des producteurs, des auteurs-compositeurs et des athlètes. Nous sommes une organisation à service complet, soutenant notre liste diversifiée de talents par le biais du management d'artistes, de l'édition musicale, des tournées, de la production, du développement stratégique de la marque et au-delà. Pas Comme Eux propose des experts en gestion d'artistes, en technologie, en mode et en philanthropie, redéfinissant ainsi le monde du divertissement.","Ahmed Bahaeddine AbdelwahedGhofrane Amdouni","contactpascommeeux@gmail.com","22177830"
"undefined","Expy.ai","Business Software and services","2023","08/2023","","Expy.ai est un écosystème de produits de données qui offre une gamme d'outils pour les organisations afin d'extraire des informations précieuses de leurs données.","Slim NabliLuay BEN ALI","info@expy.ai","98 57 52 96"
"undefined","WAKAHAW","Business Software and services","2017","06/2020","","Mise en place de solutions d’aide à la décision en Business Intelligence, Conseil et Formation dans le domaine informatique.","Kais Ben AmarHaythem BennaWajih Hajji","n.a.","n.a."
"undefined","Mon Ingénieur Express","Business Software and services","2022","12/2022","","Mon Ingénieur Express est une plateforme de recrutement d'ingénieurs en télétravail, qui associe l'expertise métier aux nouvelles technologies. Elle permet de RECRUTER DES INGÉNIEURS À DISTANCE de façon très  simple. ET À DES TARIFS 50% MOINS ÉLEVÉS QU’EN Europe.","Mohamed Moatez JendoubiFrederic Delahaigue","med.moatez.benmedien@gmail.com","58133669"
"undefined","Pedalo","Business Software and services","2021","10/2022","","Pedalo est une startup sociale qui aide les entrepreneurs à se focaliser sur ce qu'ils savent faire le plus et nous nous chargeons de livrer leurs documents et produits. Et ce, avec à un service de livraison fiable, rapide et respectueux de l'environnement grâce aux vélos.","Amany HamdanyAdnen Ben Hadj","pedalo.tunis@gmail.com","55220790"
"undefined","FoundPad","Business Software and services","2019","09/2019","","FoundPad provide products & services that help founders, product managers, investors, accelerators, incubators, and innovative organizations streamline their process.","Mehdi NakouriHazem Mhiri","n.a.","n.a."
"undefined","Vectors Software","Business Software and services","2022","11/2022","","Vectors Software développe des Applications pour enrichir les outils Atlassian tels que JIRA et Confluence","Melek JebnounSofien Chaabouni","contact@covectors.io","n.a."
"undefined","CLEDISS","Business Software and services","2018","07/2020","","NOMADIS est une solution intégrée pour une gestion automatique de la vente, distribution et du merchandising.","Ahmed SalahSoumaya Dridi","n.a.","n.a."
"undefined","CUIDA","Business Software and services","2021","02/2022","","Une plateforme qui permet la digitalisation des métiers de physiothérapie grâce à a gestion de centre, la numérisation des fiches patients et gestion de documents","Kamel SANAIYousri FILALIMajdi SIDAOUIFARHAT AKROUTHoussem eddine SANAIWalid ZAGHDOUDAmel saif ennasserAmeni Jebahi","n.a.","n.a."
"undefined","Revampr","Business Software and services","2022","06/2022","","Revampr est une start-up spécialisée dans les solutions basées sur l'Intelligence Artificielle pour la transcription des documents.","Firas Ben AbidMarwen SallemAdnen SaadaouiAdnen Somai","contact@revampr.com","+21620373270"
"undefined","ALIDADE","Business Software and services","2016","02/2024","","Alidade accompagne les laboratoires pharmaceutiques dans leur processus d'excellence commerciale par  un service de données produits et clients appelé DataVey  et par un service Technologique articulé autour la plateforme CannyForce  de gestion de la force de vente en Cloud sécurisé et hautement disponible.","Mejdi GaddouchMonia Grtimene","mejdi.gaddouch@alidade.tn","98223000"
"undefined","bqube","Business Software and services","2017","05/2022","","BQube ITs est une start-up spécialiste en Industrie4.0. Elle offre la solution QMES en mode SAAS (Software as a Service) exploitable au sein ou en dehors de la structure (accessible de partout), qui permet une gestion et un contrôle h24 du déroulement des activités. Afin de permettre les entreprises industrielles de maîtriser tous les détails du processus de production qui ont un impact négatif sur l'efficacité et la qualité de leurs opérations QMES 4.0 a été conçu pour: - Avoir une meilleure gestion du flux de l'usine - améliorer les pertes de performance, de qualité et de disponibilité -Faire le suivi de l'usine en temps réel. -Analyser le rendement et l'identification des problèmes","Mohamed Abed BechiriMohamed SaidiSamia Saaidia","b.contact@bqubeits.com","70146565"
"undefined","Autorent","Business Software and services","2021","03/2021","","Autorent is a car rental agency management solution and a marketplace for booking and comparing prices rental cars","Moslem Ben Dhaou","n.a.","n.a."
"undefined","Idaraty.tn","Business Software and services","2020","02/2021","","Description: Idaraty est une plateforme qui facilite la relation entre les citoyens et les institutions publiques en Tunisie","Ahmed Zoghlami","n.a.","n.a."
"undefined","HERUNDO","Business Software and services","2018","06/2019","","Herundo fournit des solutions de bout-en-bout aux entreprises pour le lancement de leur activité e-commerce en local et à l’international, avec une expérience client réussie.","Nizar BouguilaBecem JallouliMohamed Boujelbane","n.a.","n.a."
"undefined","Tashfeen","Business Software and services","2020","12/2020","","Tashfeen développe des logiciels et des applications en ingénierie civile et mécanique. Ses clients cibles sont les bureau d'études, les universités et les entrepreneurs.","Wafi BouassidaMounir Bouassida","n.a.","n.a."
"undefined","Lavocato","Business Software and services","2021","02/2022","","LAVOCATO est un projet de transformation digitale du métier des avocats. un outil stratégique 360° clé en main et facile d'usage. La vocation est franchement de remplacer les papiers par des fonctions numériques 2-clics","Khelifi Ali","n.a.","n.a."
"undefined","La relation client à l’ère du digital","Business Software and services","2020","04/2020","","Go Mybiz offre une suite de logiciels de gestion de la relation clients qui permettent aux TPE/PME de digitaliser leur « parcours client » de bout en bout et en omnicanal.","Mohamed Achraf GabsiYassine TouatiSofiene DjaitMehdi Touati","info@gomybiz.co","+21671100110"
"undefined","WiseShare","Business Software and services","2024","12/2024","","WiseShare est un SaaS conçu pour gérer et partager des documents sensibles, mettant ainsi fin à des pratiques non éthiques qui nuisent à la compétitivité des entreprises. Trop souvent, des propositions techniques et financières se retrouvent entre les mains de concurrents sans le consentement de l'entreprise, créant ainsi des fuites d'informations critiques (propriété intellectuelle, inventions, savoir-faire). WiseShare permet aux équipes dirigeantes de garder un contrôle total sur leurs documents en limitant la capacité des destinataires à télécharger ou à transférer des fichiers, et en offrant la possibilité de révoquer l'accès en temps réel si un partage non autorisé est détecté, ainsi que la prévention des captures d'écran. En plus de la sécurité, WiseShare intègre un tableau de bord analytique qui fournit des informations précises sur l'engagement des prospects (qui a ouvert le document, combien de temps il l'a consulté, sur quoi il s'est concentré).","Skander Harzi","n.a.","n.a."
"undefined","Logis Technologies","Business Software and services","2018","01/2020","","Logis Technologies fournit différents ensembles d'outils conçus pour le secteur immobilier afin d'aider les professionnels de l'immobilier à gérer efficacement leur entreprise et les consommateurs à trouver facilement leur logement.","Riadh Ellouze","n.a.","n.a."
"undefined","Freelancy","Business Software and services","2020","03/2021","","Freelancy est une plateforme numérique de mise en relation professionnelle (B2B) permettant aux entreprises d'être mises en contact avec des autoentrepreneurs ou experts indépendants.","Mehdi MhamdiKarim Zribi","n.a.","n.a."
"undefined","Birou","Business Software and services","2021","09/2021","","Birou est une plateforme intelligente de facturation professionnelle en ligne pour gérer les factures de ventes et d'achats, devis, clients, paiements.","Chaibi AlaaBoumiza Imen","n.a.","n.a."
"undefined","autoecoleplus.tn","Business Software and services","2020","03/2021","","Autoecoleplus.tn est un système de gestion pour les propriétaires d'autoécoles, et un espace candidat pour des cours du code de la route en ligne.","Mohamed Amine JendoubiAhmed NemlaghiMohamed Badii Jendoubi","n.a.","n.a."
"undefined","Liberrex","Business Software and services","2020","12/2020","","Liberrex offre une solution de gestion virtuelle des flux clients à tous les types de fournisseurs de services (Hôpital, Municipalité, médecin privé, salon de beauté, etc.) pour résoudre le problème des longs temps d'attente et éliminer les files d'attente physique et, par conséquent, augmenter la satisfaction des clients.","Achraf Ammar","n.a.","n.a."
"undefined","Guepard","Business Software and services","2024","07/2024","","On offre une solution software pour les infrastructures data qui permet de virtualiser les environnements sur demande et automatiser la compliance par IA","Koutheir CherniGhassen MenaouarHani CHALOUATI","contact@guepard.run","20904017"
"undefined","iMMOTECH","Business Software and services","2020","02/2021","","iMMOTECH offre une solution pour vendre les projets immobiliers à travers des outils de commercialisation et de marketing exclusifs et uniques","Cyrine Ben AyedAndolsi JihedYassine JalloulMohamed Raafet Limam","n.a.","n.a."
"undefined","SAFOZI SARL","Business Software and services","2012","06/2019","","SAFOZI est le premier fournisseur régional des services d'nfrastructure TIC, tels que, les serviecs d'hébergement et les serveurs Cloud (Public Cloud: IaaS et PaaS).","Zied Ouled Ali","n.a.","n.a."
"undefined","Gelivro","Business Software and services","2021","08/2021","","Gelivro est une plateforme SaaS qui garantit la facturation, le contrôle et le suivi de la livraison et les livreurs. Ils fournissent une expérience qui combine la facturation et la livraison.","Ramzi HouidiRim Harabi","n.a.","n.a."
"undefined","STARK","Business Software and services","2019","06/2020","","Un ERP Multi-devices en deux versions : OnPremise et SAAS destiné au marché local et au marché Africain. Fort de ses modules Paie et Comptabilité.","Mohamed Mzid","n.a.","n.a."
"undefined","SamRise","Business Software and services","2022","07/2023","","null","Mohamed Aziz Ben MahmoudImed hananaMariem HamzaouiArbi SoussiFeriel SAMRISE","n.a.","n.a."
"undefined","arsela","Business Software and services","2019","08/2019","","Arsela vise à développer des plateformes intelligentes qui contribuent à l'amélioration de la qualité de vie de ses utilisateurs.","Ines HafiAchref Ben OuannesAhmed Ben Zineb","n.a.","n.a."
"undefined","CodePro Qr","Business Software and services","2024","02/2024","","Nous générons des QR codes pour les établissements de restauration afin que les clients puissent commander via leur téléphone et offrons des statistiques aux propriétaires.","Mourad Sahloul","n.a.","n.a."
"undefined","QualiMaker","Business Software and services","2024","05/2024","","null","Mehdi ZAABAR","n.a.","n.a."
"undefined","ESKY PROFESSIONAL SERVICES","Business Software and services","2017","02/2020","","A cloud based global e-commerce logistic platform offering multi-warehousing, order fulfillment, shipping, return management and more.","Kais Khadhraoui","n.a.","n.a."
"undefined","Ailine Pro","Business Software and services","2024","11/2024","","null","Ines Achourchtourou saifNadra Achour","n.a.","n.a."
"undefined","OCTOMIRO","Business Software and services","2024","02/2024","","Solution d'IA intégrée à un système ERP, fournissant une analyse en temps réel des
 conformité du produit, détection autonome des anomalies et comptage des objets basés sur la vision par ordinateur.","Montasser KhamassiNour El Houda ShiliMohieddine DrissiSlim Griri","contact@octomiro.ai","98137366"
"undefined","Mouqawel","Business Software and services","2023","08/2023","","Mouqawel.tn : Plateforme digitale dédiée aux Entreprises et Professionnels du secteur du Bâtiment et des Travaux Publics en Tunisie.","ikbel sassi","contact@mouqawel.tn","92449448"
"undefined","Tekum","Business Software and services","2020","12/2020","","Tekum offre le CRM Bird Notes pour les industriels pharmaceutiques, pour gérer leurs équipes de délégués ainsi que les tournées médicales d’une façon plus efficace et précise.","Nizar EllouzeGhorbel Amal","n.a.","n.a."
"undefined","elbusines.com","Business Software and services","2021","05/2021","","ElBusines.com est une Busines Marketplace permettant le matchmaking ainsi que la mise en relation entre les chercheurs d’opportunités d’investissement et les porteurs de projets.","Hela JelassiAnis Borchani","n.a.","n.a."
"undefined","KTN","Business Software and services","2021","07/2021","","KTN TRAFIC est un dispositif composé d'une caisse trieuse karakuri universelle et d'un support smartphone intégré en plus d'une application mobile de contrôle et de traçabilité des paiements des billets des taxis collectifs Louage.","Mohamed Salah Zaggar","n.a.","n.a."
"undefined","ALMOURAFEK","Business Software and services","2020","08/2020","","Smart Aid Technologies développe des solutions intelligentes, pour l'aide à la prise de décisions pour des entreprises ou des particuliers. SA-Tech offre spécialement une gamme de dispositifs d'assistance à la navigation permettant aux personnes à besoins spécifiques de bien interagir avec leur environnement et de surmonter leurs incapacités","Imène Khanfir KallelSonda Ammar Bouhamed","n.a.","n.a."
"undefined","Shopy Science","Business Software and services","2022","08/2022","","Shopy Science est une solution SaaS d’analyse de données disponible pour les boutiques utilisant la plate-forme eCommerce Shopify.
 Elle propose de centraliser leurs data puis de les traiter à des fins d’attribution marketing et d’analyses clients.","Gael PersonnazGaelle Personnaz","n.a.","n.a."
"undefined","WeGestU","Business Software and services","2021","06/2024","","null","Lassaad Ben Rejeb","n.a.","n.a."
"undefined","D-carte","Business Software and services","2022","12/2022","","Première carte visite Digitale (NFC) hybride, et première plateforme de gestion de contact complète et polyvalente orientée pour l'entreprise","Fourat OuerghemmiSkander Hadj RomdhanAla Ben Hassen","dcarte.tn@gmail.com","53479474"
"undefined","SkilinK AI","Business Software and services","2022","12/2024","","SkilinKAI est une entreprise innovante dans le domaine des technologies RH (HRTech). SkilinKAI propose une plateforme alimentée par l'intelligence artificielle, axée sur l'ensemble du cycle de vie des talents, de leur recrutement à leur développement de carrière. En combinant analyses basées sur l'IA, engagement personnalisé et pratiques éthiques en matière d'IA, SkilinKAI se distingue comme une solution complète pour les entreprises modernes. Ses services s'adressent à la fois aux employeurs et aux employés, garantissant un écosystème où les talents et les opportunités se connectent harmonieusement.","Nadhir KhayatiNaoufel Khayati","n.a.","n.a."
"undefined","Addvocate AI","Business Software and services","2024","03/2025","","null","Mohamed Ridha MamiSofyan Chekir","n.a.","n.a."
"undefined","EATISY","Business Software and services","2020","11/2020","","Eatisy est une solution web et mobile pour passer commande dans un endroit Food & beverage en ligne en assurant la visibilité pour le client sur l'état de sa commande.","Walid BaltagiHamed BaltagiChekib ChakrounChedi Chakroun","n.a.","n.a."
"undefined","Optypro.net","Business Software and services","2024","11/2024","","null","Oussama Meknassi","n.a.","n.a."
"undefined","Fouita","Business Software and services","2020","12/2020","","Fouita simplifie la création et l'amélioration des sites web suite à un accès direct à une bibliothèque des composants plug and play, organisés par thème et par domaine d’activité.","Abdelhay Najjar","n.a.","n.a."
"undefined","Kiwi Stock Light","Business Software and services","2017","08/2020","","Kiwi Stock Light est une plateforme cloud qui permet de mieux gérer son entreprise: gestion des ventes, achats, dépenses, clients, fournisseurs...","Ali Bouslama","n.a.","n.a."
"undefined","IsOne Hr","Business Software and services","2025","03/2025","","test","Meryam BoughzalaLouay AtouiBilel Ben salem","n.a.","n.a."
"undefined","Canadin","Business Software and services","2023","03/2023","","Saas Hr Solution dedié pour les cabinets de recrutement au canada afin de simplifier le processus de mobilité internationale","Aymen JhidriWassim Abdel MalekMohamed Ali Ben SlimenSouad BelghithDhiaeddinne Rahali","n.a.","n.a."
"undefined","Slidzo","Business Software and services","2022","08/2022","","Slidzo est une nouvelle plateforme de présentations en ligne qui permet de créer des présentations inspirantes en 2D et en 3D. Avec Slidzo vous pouvez facilement créer vos slides, utiliser des templates, collaborer avec vos équipes, gérer vos espaces de travail etc...
 Vous pouvez aussi éditer des présentations en 3D depuis le confort de notre éditeur de slides classique.
 Les présentations en 3D sont parfaites pour inspirer votre audience, donner plus d'impact à vos idées, ou simplement pour une visualisation détaillée de vos sujets.
 Encore plus de templates seront disponibles au cours des prochaines semaines et prochains mois.
 Notre mission est de rendre les présentations impressionnantes accessibles à tout le monde.","Fedi Ben Nejma","contact@slidzo.com","+216 55 357 225"
"undefined","Eva Dam Technology","Business Software and services","2021","07/2021","","EDM KYC est le dispositif de filtrage de Evadam, qui consiste à vérifier les documents, analyse biométrique sur l'utilisateur et un reporting immédiat avec un score. le projet a pour but la lutte contre les fraudes sur le web et le blanchiment d’argent en assurant un autre niveau de sécurité des données.","Souhail MsakniSami SghaierAhmed Liouene","n.a.","n.a."
"undefined","NetConf","Business Software and services","2023","09/2023","","BeSynchro est une société spécialisée dans le développement de solutions d'automatisation pour la gestion et la supervision des réseaux (xDSL & FTTx).","Houssem Jarraya","contact@besynchro.net","n.a."
"undefined","Xtendplex","Business Software and services","2015","03/2020","","Xtendplex est un algorithme capable de faciliter l'interaction entre l’être humain et l’objet d’une manière transparente et intuitive.","Ahmed Ben HamoudaHassan Cheriha","n.a.","n.a."
"undefined","SupplyzPro","Business Software and services","2023","03/2024","","SupplyzPro est une solution ERP innovante qui résout les problèmes de rupture de stock et de surstock grâce à des modèles d'intelligence artificielle pré-entraînés et adaptés à chaque client. Elle permet de gérer efficacement vos stocks, ventes, et achats, tout en offrant une plateforme hautement personnalisable avec des droits d'accès dynamiques selon les rôles. SupplyzPro simplifie vos opérations commerciales et optimise vos décisions stratégiques grâce à des prévisions précises et une gestion intelligente des données.","Seddik HouimliMohamed Amine AbdenadherHazem HousseiniMahdi HsanKoutheir Cherni","contact@supplyzpro.com","+21658299567"
"undefined","DATASCAI","Business Software and services","2017","08/2020","","PNRGain est une application destinée pour les agences de voyages afin d'optimiser leurs ventes en billetries grâce au algorithmes et l'intelligence artificielle.","Mohamed Karim Bouaziz","n.a.","n.a."
"undefined","bqube","Business Software and services","2017","05/2022","","BQube ITs est une start-up spécialiste en Industrie4.0. Elle offre la solution QMES en mode SAAS (Software as a Service) exploitable au sein ou en dehors de la structure (accessible de partout), qui permet une gestion et un contrôle h24 du déroulement des activités. Afin de permettre les entreprises industrielles de maîtriser tous les détails du processus de production qui ont un impact négatif sur l'efficacité et la qualité de leurs opérations QMES 4.0 a été conçu pour: - Avoir une meilleure gestion du flux de l'usine - améliorer les pertes de performance, de qualité et de disponibilité -Faire le suivi de l'usine en temps réel. -Analyser le rendement et l'identification des problèmes","Mohamed Abed BechiriMohamed SaidiSamia Saaidia","b.contact@bqubeits.com","70146565"
"undefined","Smarketyrs","Business Software and services","2020","06/2021","","Smarketyrs est un outil SaaS d’Inbound Marketing basé sur l'IA, il amplifie la conversion et l’engagement des visiteurs avec un monitoring en temps réel en utilisant l’intelligence artificielle native.","Mohamed BahriHayet RaisJeremy Rochot","n.a.","n.a."
"undefined","datavision","Business Software and services","2019","11/2019","","Datavision est une solution de tracking de l'experience visiteur en temps réel offrant des recommandations d'amélioration pour les points de vente, les malls et les agences publicitaires","Skander AmorBorhen Jlidi","n.a.","n.a."
"undefined","Bon'Heure","Business Software and services","2019","11/2019","","Bon’Heure est une plateforme intelligente permettant l’optimisation et la facilitation du quotidien des entreprises et de leurs collaborateurs.                              En s’engageant pour un meilleur équilibre vie pro – vie perso et en soutenant la performance tant individuelle que collective, B’H est le partenaire et l’interlocuteur unique pour la vie en entreprise.","Nour TekayaSkander Gafsi","n.a.","n.a."
"undefined","VME Internationale","Business Software and services","2019","01/2020","","Notre objectif est de mettre le digital au service du bien être collectif.                              VME Internationale est une plateforme (web et mobile) de ""Gestion des syndics de copropriétés"" pour mettre le digital au service du bien être collectif.","Foued Ben BabisMontassar Gharssa","n.a.","n.a."
"undefined","Avidea","Business Software and services","2017","04/2020","","Nous aidons les compagnies d'assurance à réduire le coût de sinistre automobile en leur offrant une plateforme logicielle de digitalisation de sinistre automobile et de lutte contre la fraude","Jaafar NasriAnis Safraoui","n.a.","n.a."
"undefined","WeaveLines Studio / Damdoum","Business Software and services","2023","08/2023","","WeaveLines Studio est une startup labellisée se spécialisant dans le développement de solutions novatrices pour le web et les applications mobiles. DAMDOUM représente le premier produit de WeaveLines Studio, une application mobile innovante basée sur le concept de gamification, alliant quiz, sondages et récompenses.","Faten Matmati","hello@damdoum.app","+216 29 350 910"
"undefined","DATAERA","Business Software and services","2018","06/2019","","Accompagner les entreprises dans la maîtrise, l’analyse et la visualisation de leurs données. Les aider à valoriser leur capital informationnel pour accroître leurs revenus et la performance globale à l’aide des nouvelles technologies de Big Data et Data Analytics.","Hedi ZouariMaher HENI","n.a.","n.a."
"undefined","FABSKILL","Business Software and services","2018","06/2019","","FABSKILL offre aux recruteurs une plateforme web pour la gestion digitalisée des processus de recrutement en utilisant les nouvelles technologies et l'intelligence artificielle.","Sofiene MabroukBechir AfifiMohamed BenSfar","n.a.","n.a."
"undefined","Market360Degrees","Business Software and services","2021","07/2021","","Market360Degrees fournit des solutions destinées aux vendeurs sur les sites e-commerce, en suivant leurs produits et en analysant les prix et la réputation.","Ghassen SelmiAmen Eddine MiliHoussam JedidiRene SehiJoerg FunderGuenter Althaus","n.a.","n.a."
"undefined","TUNISIE MATÉRIEL ROULANT","Business Software and services","2018","05/2019","","LE PORTAIL TMR est un portail pour le service et l'exploitation, c'est une solution de marketing digital qui aide les entreprises à mieux se référencer.","Amel BesbesKais Laaribi","n.a.","n.a."
"undefined","branper","Business Software and services","2020","05/2021","","Branper offre une solution d'études comportementales en ligne, basé sur des questionnaire en ligne avec des incentives offertes aux participations.","Saïd Ben JliliHamza ben jannet","n.a.","n.a."
"undefined","OXAHOST","Business Software and services","2018","03/2020","","Oxahost est un fournisseur d'hébergement Internet et des solutions digitales et commercialise ses services en Tunisie et partout dans le monde via sa plateforme web.","Tarek Nakbi","n.a.","n.a."
"undefined","Karhabti.app","Business Software and services","2023","09/2025","","null","Amina ChouchaneAdnen Mrad","n.a.","n.a."
"undefined","Skazy Tunisia","Business Software and services","2025","03/2025","","null","Selim MhedhbiMohamed Sabri BelgarouiHatem BELLAGI","n.a.","n.a."
"undefined","Z-Partners","Business Software and services","2021","11/2021","","Une solution pour la réalisation d'états financiers prévisionnels d'une entreprise et le positionnement de ses indicateurs par rapport à ses comparables du secteur","Maher Zaanouni","maher.zaanouni@capxvalue.com","25264747"
"undefined","JURIDOC","Business Software and services","2021","11/2021","","Plateforme LegalTech destinée essentiellement aux professionnels du droit afin de leur offrir une expérience 100% digitale et intelligente pour accéder à une documentation juridique complexe.","kais AssaliMohamed Ali BelajouzaMaya BoureghdaAnis Wahabi","n.a.","n.a."
"undefined","anavid","Business Software and services","2019","12/2019","","anavid propose des solutions technologiques basées sur l'AI d'analyse vidéo pour augmenter les performances économiques du retail physique.","Ahmed ChaariDavid Nilsson","n.a.","n.a."
"undefined","ROAMSMART","Business Software and services","2012","04/2019","","Roamsmart aide les opérateurs de téléphonie mobile dans la transformation numérique de leur activité roaming a travers des solutions SaaS innovantes.","Walid ChamekhMehdi Triki","n.a.","n.a."
"undefined","Beego","Business Software and services","2017","01/2020","","Beego propose une plateforme web et mobile de mise en relation en TEMPS RÉEL entre les espaces commerciaux et leurs clients, ainsi que les administrations publiques via-des capteurs installés dans les espaces à cette fin.","Amine Sammary","n.a.","n.a."
"undefined","TMAPS","Business Software and services","2025","11/2025","","TMaps est une API cartographique tunisienne conçue comme une alternative locale et économique à Google Maps, permettant de réduire les coûts jusqu'à 92%. Elle offre trois services principaux : l'affichage de cartes personnalisables, le géocodage (conversion d'adresses en coordonnées et vice-versa) et le calcul d'itinéraires et de distances. La plateforme s'intègre facilement avec les frameworks les plus populaires (React, Vue.js, Angular, Flutter, etc.) via une clé API simple à configurer. Pensée pour les développeurs et entreprises tunisiennes, elle permet notamment de payer en dinar tunisien et garantit une couverture locale inégalée du territoire. TMaps cible des secteurs variés comme la livraison, la logistique et l'immobilier, avec une disponibilité de 100% et un support 24/7.","Ahmed Ben Salha","contact@tmaps.tn","+21655798888"
"undefined","Digital2Value","Business Software and services","2019","02/2020","","Digital2Value is a platform accelerating digital transformation of SMEs by connecting them with full ecosystem of consultants, development organizations and digital solutions.","Foued ManaaAmel SaidaneNadim Kharraz","n.a.","n.a."
"undefined","officent","Business Software and services","2024","07/2024","","null","saif eddine borgholkamel Ben anayaAsma MethamemSoulayma Dhiab","n.a.","n.a."
"undefined","Gigsdesk","Business Software and services","2022","06/2023","","Gigsdesk, le produit phare de la société LGGU, est une plateforme de freelance utilisant l'IA en matching. Trouvez les projets idéaux qui correspondent à vos compétences grâce à cette innovation de pointe. Boostez votre carrière freelance avec Gigsdesk dès aujourd'hui !","Koussay NoomeneIyed GhribiNabil Amara","contact@gigsdesk.com","+21690771900"
"undefined","Mon Ingénieur Express","Business Software and services","2022","12/2022","","Mon Ingénieur Express est une plateforme de recrutement d'ingénieurs en télétravail, qui associe l'expertise métier aux nouvelles technologies. Elle permet de RECRUTER DES INGÉNIEURS À DISTANCE de façon très  simple. ET À DES TARIFS 50% MOINS ÉLEVÉS QU’EN Europe.","Mohamed Moatez JendoubiFrederic Delahaigue","med.moatez.benmedien@gmail.com","58133669"
"undefined","Siteflow Factory","Business Software and services","2019","06/2019","","SiteFlow est une solution SaaS qui digitalise la préparation et le suivi d'intervention sur les chantiers de construction et de maintenance industrielle complexes.","Samed JaloualiTimothe PietteEtienne BarraultLouis Hauvette","n.a.","n.a."
"undefined","Chantier","Business Software and services","2018","01/2020","","Chantier.tn est un service de mise en relation entre les professionnels du bâtiment et les particuliers ou entreprises ayant besoin d'un professionnel du bâtiment.","Moufid BEN HMIDAShady Achouri","n.a.","n.a."
"undefined","Tunisia Market","Business Software and services","2022","04/2022","","Tunisia-Market est un site de vente en ligne, spécialiste des articles tunisiens de très haute qualité. Tous les articles artisanaux, mis en vente sur www.Tunisia-Market.com, sont faits à la main selon des méthodes ancestrales et innovatrices qui reflètent un patrimoine riche et varié selon les régions. Nos produits sont authentiques et 100 % Tunisiens. Nos produits sont à votre disposition pour vivre l’expérience tunisienne là ou que vous soyez. Restez tunisiens consommez Tunisia-Market.","Ibrahim ChouikhAbdelfattah LahbibAbdelhamid GuinoubiAhmed EttoumiLaila Balti","contact@tunisia-market.com","+216 56 208 595"
"undefined","Consulti","Business Software and services","2019","03/2020","","Consulti.Tn est une plateforme web & mobile de mise en relation B2B et facilitation de vente et d'achat d’équipements /services industriels en Tunisie.","Ala Eddine Jalel","n.a.","n.a."
"undefined","ECHO","Business Software and services","2018","06/2019","","ECHO innove dans le domaine digital autour d'une plateforme en ligne garantissant le dessin et certification des aménagements cabines des avions.","Amine Laaroussi","n.a.","n.a."
"undefined","lexi","Business Software and services","2020","01/2022","","lexi.tn est une application web destinée aux auto-écoles pour la gestion de leurs tâches quotidiennes. La plateforme offre aux candidats une solution d'e-learning.","Wael Ben Echikhchadli Ouhichi","n.a.","n.a."
"undefined","Thiqab","Business Software and services","2023","08/2023","","Notre projet est spécialisé dans le développement de stratégies de trading automatisées et d'algorithmes d'apprentissage automatique pour les investisseurs. Nos algorithmes de trading proposent de nouvelles fonctionnalités d'intelligence artificielle afin de concevoir et analyser les données du marché. Nos algorithmes d'apprentissage automatique offrent des outils pour effectuer des transactions basées sur des règles prédéfinies et fournir à nos clients des résultats efficaces et précis.","Kaouther HedhlyHatem Zegnani","n.a.","n.a."
"undefined","Ticketchainer","Business Software and services","2020","08/2021","","Ticketchainer ciblant les clubs et événements sportifs avec une solution 100% cloud qui couple billetterie et fidélisation via un système de gamification intégré au parcours d’achat.","Sami BoudenWalid KarrayObeyd Melliti","n.a.","n.a."
"undefined","Talifouni+","Business Software and services","2025","10/2025","","null","Baha Kaabaoui","n.a.","n.a."
"undefined","BSmart SARL","Business Software and services","2018","03/2020","","Bsmart SARL: Automatisation des processus métiers d'entreprise autour de la digitalisation des documents et pièces comptables comme les factures et les commandes","Walid AmmarAhmed Fessi","n.a.","n.a."
"undefined","CYNOIA","Business Software and services","2019","01/2020","","CYNOIA est une plate-forme CPaaS qui fournit un ensemble d'outils destinés aux PMEs dans le cadre de l'amélioration de la communication interne et externe.","Ayoub RabehNassreddine Riahi","n.a.","n.a."
"undefined","Réseau social medical : Saheelha","Business Software and services","2019","09/2019","","Saheelha est un réseau sociale médicale qui permet d’offrir certains services pour les médecins et les patients .","Abidi Marwen","n.a.","n.a."
"undefined","SOLIXY","Business Software and services","2017","12/2019","","Qui dit SOLIXY dit un magasin intelligent. Nous développons des solutions innovantes basées sur l'Intelligence Artificielle et destinées au secteur du retail.","Haythem KhalifaSalem KhalifaBéchir Yahia","n.a.","n.a."
"undefined","Winshot","Business Software and services","2019","10/2019","","Gofield propose via sa solution ""Winshot"" une application web et mobile qui automatise et externalise le merchandising terrain et fourni en temps-réel des analytiques mix marketing pour une exécution optimisée des articles référencées en points de vente.","Walid MzoughiHela GabsiAlaa Mokrani","n.a.","n.a."
"undefined","Neopolis Development","Business Software and services","2018","06/2019","","Développe en offshore et Edition de solutions de digitalisation et de robotisation destinés au secteur des assurances et banques.","Achraf KhelilJacquesYves Foucou","n.a.","n.a."
"undefined","Ernest","Business Software and services","2020","05/2020","","Edition de solutions intelligentes autour de la compliance et le pilotage social des entreprises.","Fayçal Derouiche","n.a.","n.a."
"undefined","Galactech","Business Software and services","2016","05/2019","","Galactech offre aux opérateurs de téléphonie mobile une variété de services à valeur ajoutée de haute qualité et un contenu riche et varié.","Houcem Maiza","n.a.","n.a."
"undefined","xscan","Business Software and services","2024","04/2024","","null","houssem eddine rammehOussama Ben WahibaAbderrahim Gdah","n.a.","n.a."
"undefined","MajestEYE","Business Software and services","2017","06/2019","","MajestEYE est un éditeur de solutions d'analyse de données dont la mission est de permettre à ses clients de réussir la transition vers un modèle opérationnel et d'affaires basés sur les données.","Jihed HannachiRabie Saidi","n.a.","n.a."
"undefined","Bitaqa","Business Software and services","2022","12/2022","","Bitaqa est une start-up novatrice qui cherche à révolutionner le monde des cartes de visite et du networking professionnel grâce à sa technologie NFC de pointe. 
 
 Notre mission est de faciliter les échanges professionnels tout en minimisant l'impact environnemental.
 Notre produit phare est notre carte de visite NFC, qui permet aux utilisateurs de partager des informations professionnelles, des informations de contact et bien plus encore avec d'autres personnes d'un simple geste.
 
 Notre vision pour l'avenir est de réinventer le networking professionnel en fournissant des solutions technologiques innovantes et durables.","Amine Miladi","contact@bitaqa.tn","21707614"
"undefined","Exacctly","Business Software and services","2020","06/2020","","DataSphera développe des produits et des solutions NLP et IA d'entreprise pour l'analyse en temps réel des conversations échangées avec les clients.","Noureddine LoukiAchref Kechaou","n.a.","n.a."
"undefined","Grabingo","Business Software and services","2019","01/2020","","Grabingo est une plateforme d'acquisition, d'engagement et rétention des clients","Mohamed Khalloufi","n.a.","n.a."
"undefined","LEEVYA Communication","Business Software and services","2021","06/2021","","Une solution de communication unifiée Ucaas (Unified Communications as a Service) qui s'interface avec les différents CRM (Sales forces, Ms Dynamics), ERP, et d'autres solutions métiers optimisant ainsi les coûts d'exploitation des IPBX(Internet Protocol Private Branch eXchange).","Wissem BouguilaLoïc Lafhej","n.a.","n.a."
"undefined","Dataperformers","Business Software and services","2019","09/2019","","Dataperformers est une entreprise d’intelligence artificielle appliquée ayant comme spécialité l’analyse prédictive et la vision numérique (computer vision).","Mehdi Merai","n.a.","n.a."
"undefined","Leadership 4.0","Business Software and services","2023","12/2023","","‘‘Communiquer & Vendre la Valeur, Concevoir & Créer la Valeur, Délivrer & Mettre en œuvre les solutions digitales de  « Leadership 4.0 » en mode Saas ’’ ; 
  Une feuille de route pour la bonne gouvernance digitale de l’excellence stratégique, tactique  & opérationnelle en conformité avec les meilleures pratiques internationales reconnues (TQM, ISO, IATF, PMI, EFQM, Core Tools AIAG, VDA (APQP, FMEA, MSA, SPC, PPAP), IFRS, PDCA, DMAIC, A3, 8D)","Faouzi GHARSALLIkhaled GHARSALLI","faouzi.gharsalli.tn@gmail.com","58947407"
"undefined","Ste Tildah","Business Software and services","2018","05/2021","","Majenna est une application de caisse enregistreuse connecté, qui permet à toute l'équipe d'une enseigne constituée d'une ou plusieurs boutiques d'avoir les données synchronisées en temps réel.","Bouraoui Ben Ammar","n.a.","n.a."
"undefined","Speedy ERP","Business Software and services","2024","09/2024","","Speedy ERP propose une solution complète de gestion d'entreprise spécialement conçue pour les grossistes, englobant les domaines de la finance, des ventes et de l'inventaire.","KAIS CHEHUMA","n.a.","n.a."
"undefined","TransIN / SmartIN","Business Software and services","2018","08/2019","","SmartIN est une AssurTech qui propose des solutions innovantes pour l’enrichissement et l’amélioration des services dans le secteur des assurances.","Wahid Mnasri","n.a.","n.a."
"undefined","profils.tn","Business Software and services","2019","12/2019","","Profils.tn est une plateforme RH innovante qui remplace la lecture de CV traditionnel par une compréhension algorithmique via l’outil ‘Matching’. La plateforme permet de digitaliser le processus de recrutement et de booster la marque employeur","Anis Maghar                              Imen Maghar","n.a.","n.a."
"undefined","RSE Time","Business Software and services","2023","01/2024","","RSE Time est la première plateforme en Tunisie qui digitalise et centralise toutes les activités RSE des entreprises en les mettant en relation avec les associations travaillant sur  les mêmes axes tout en impliquant leurs collaborateurs. Grâce à RSE Time, les Entreprises peuvent mesurer leur impact.","Rym Bendhief AkremiMohamed Hbib Ben AkremiMohamed Aziz Ben Akremi","contact@rsetime.com","95384858"
"undefined","Servini","Business Software and services","2022","05/2023","","une application de prise de commande sur tables pour les restaurants,hotels,café, bars ainsi que réservation","Ramzi HachichaMohamed Achraf JomaaZied HachichaDhia eddine Abdelli","n.a.","n.a."
"undefined","KB2I","Business Software and services","2015","11/2020","","KB2I propose des systèmes d'aide à la décision qui améliore la performance des entreprises. Avec sa solution Sense Analytics ,composée de hardware (des capteurs) et de logiciel (une plateforme décisionnelle), elle permet l'optimisation de la gestion d'un point de vente physique.","Zina DouarBrahim Douar","n.a.","n.a."
"undefined","AIO Events","Business Software and services","2024","11/2024","","null","Iyed Ben MassoudOussama ErrifiDerouich AymenAli Baroudi","n.a.","n.a."
"undefined","Cooptatio","Business Software and services","2021","10/2021","","Une plateforme de recrutement par cooptation qui offre une solution pour les entreprises accessibles en mode SaaS.","Mohamed Ali BriniHayfa Ben Mohamed","n.a.","n.a."
"undefined","ZOLFA","Business Software and services","2020","04/2020","","ZOLFA Electronics conçoit et réalise des systèmes électroniques et automatiques divers, et notamment des appareils électroniques programmable directement avec un langage de programmation arabe, en bas et haut niveau.","JRIDI Adel","omegatec@planet.tn","50333141"
"undefined","Civitas","Business Software and services","2021","03/2021","","Rokhsti est une application de demande, de gestion, de suivi et d’attribution de permis de bâtir. Rokhsti digitalise tout le processus et permet de gérer les feedbacks réguliers et différents échanges entre: L’architecte qui soumet le dossier, la municipalité qui gère et attribue le permis de bâtir et le citoyen demandeur du permis.","Bechir GtariFiras GaffariHoussem Akrout","n.a.","n.a."
"undefined","Pulpetech","Business Software and services","2018","02/2021","","PulpeTech est une solution SAAS qui gère la collecte des retours clients et les mets en avant pour améliorer la SEO des sites marchands.","Wafa AbbesOussama Jrad","n.a.","n.a."
"undefined","United VITO","Business Software and services","2023","12/2023","","Une plate-forme publicitaire sur laquelle vous pouvez faire de la publicité aux meilleurs tarifs auprès d'utilisateurs de haute qualité.","Nizar Affi","n.a.","n.a."
"undefined","CargoWeen","Business Software and services","2022","10/2022","","null","Terres Aberraoufterres yasmineDhia El Hak MERAI","n.a.","n.a."
"undefined","NG Technologies","Business Software and services","2016","11/2020","","Ng technologies et un éditeur de solutions de services de confiance numérique (signature électronique, authentification forte, PKI ...).","Moez Ben MbarkaMohamed Ali TarhounKhadija Ferjani","n.a.","n.a."
"undefined","Creometry","Business Software and services","2021","03/2021","","Creometry est une plateforme d'hébergement en cloud pour les applications container-based. Elle vise à faciliter l'accès aux services informatiques pour les développeurs et les startups.","Mounir GhlaielAymen El Amri","n.a.","n.a."
"undefined","DeepAI","Business Software and services","2023","06/2023","","DeepAI est une startup spécialisée dans le développement de solutions d'intelligence artificielle avancées. Nous nous concentrons sur des domaines clés tels que la recherche sémantique, la génération de contenu par IA et le développement de modèles de langage LLM.","Seifedine GuizeniJihène Ben Slimene","seifeur@gmail.com","+21621247353"
"undefined","RGPD Tunisie","Business Software and services","2023","07/2023","","RGPD Tunisie est une startup spécialisée dans la legaltech, proposant une approche digitalisée pour un diagnostic rapide et fiable de la conformité en matière de protection des données personnelles. Elle offre des services d'audit de conformité et d'évaluation des risques, ainsi que des mesures de régularisation et d'accompagnement pour aider les entreprises à gérer efficacement leurs obligations juridiques et à renforcer la confiance des clients dans la protection de leurs données.","wissal douissaRayen CHERNISlim ABDELJELIL","contact@rgpd-tunisie.tn","(+216) 73 204 870"
"undefined","Deepnrise","Business Software and services","2022","06/2023","","null","Abdelkader BoussettaYoussef MEDDEBNIZAR AYADI","n.a.","n.a."
"undefined","Expy.ai","Business Software and services","2023","08/2023","","null","Slim NabliLuay BEN ALI","n.a.","n.a."
"undefined","HackUp","Business Software and services","2020","10/2020","","Plateforme de validation de compétences et de mise en relation entre l’entreprise et le développeur à travers un matching automatique en s'appuyant sur des tests techniques en ligne et en organisant des hackathons.","Ghanmi AyhemMohamed Aziz Najjar","n.a.","n.a."
"undefined","Drest.tn","Business Software and services","2021","03/2021","","Drest est une Marketplace multimarques destiné au marché du prêt à porter Femme, Homme et enfants.","Mohamed Omrane MzabiMalek Mzabi","n.a.","n.a."
"undefined","Services voitures épaves (SVE)","Business Software and services","2020","12/2020","","Services Voitures Epaves permet de digitaliser et faciliter les transactions entre les assurances, les épavistes et les experts automobiles dans le domaine des voitures épaves.","Farah M'seddiSlim M'seddiJalel SATOURI","n.a.","n.a."
"undefined","WONDER WORK","Business Software and services","2020","12/2020","","WONDER WORK propose des solutions de marketing innovantes et des réductions exceptionnelles chez tous ses partenaires nationaux et internationaux à travers des cartes privilèges.","Yamina Rachdi","n.a.","n.a."
"undefined","Digital work solutions","Business Software and services","2022","10/2022","","Le projet consiste à développer des applications informatiques innovantes dédiées au secteur de l’industrie et des services liés au secteur.","Amani BouazizYousser Sabbagh","n.a.","n.a."
"undefined","Business Computer Services","Business Software and services","2019","01/2022","","Business Computer Services offre un progiciel intégré pour la gestion des écoles, universités, instituts et centres de formation.","Tarek DebaraAissa BoulilaIssam Ghdiri","n.a.","n.a."
"undefined","Replic-A","Business Software and services","2022","03/2023","","Replic-A est une plateforme innovante de fort développement technologique désignée spécifiquement pour l'industrie de la construction, la plateforme Replic-A permet :
 - La visualisation et la centralisation des plans 3 Ds (relatif à un projet de construction) en temps réel.
 - L'insertion des commentaires sur le plan 3D en lui-même.
 - L'assignation des tâches à ses collaborateurs.
 - La détection des anomalies de conception avant de passer à la construction.","Mejdi BOUAFIFWissem JERBISonia Issaad","mail@replic-a.com","24757444"
"undefined","Chosa","Business Software and services","2021","12/2021","","CHOSA est une plateforme qui permet au parent de suivre la journée de leur enfant et de réagir à temps et en outre aux parents de communiquer plus aisément avec les animatrices ou directeurs grâce au réseau social dédié.","Walid Mansia","n.a.","n.a."
"undefined","GLOLIX TUNISIA","Business Software and services","2019","02/2020","","Production de data, outils et services pour entraîner des applications d’intelligence artificielle.","Mourad Othman","n.a.","n.a."
"undefined","Compaktor","Business Software and services","2020","08/2021","","Compaktor (COMmercial-PACK) est une e-Solution complète de gestion commerciale dédiée aux PME. Un pack de modules SAAS (Gestion du Stock, Gestion des Achats et Ventes, Gestion de la Trésorerie, Gestion des Utilisateurs et droits d'accès, Statistiques, e-boutique,etc..)","Mohamed Amine OmraniAli Mansour","n.a.","n.a."
"undefined","Buzzbip","Business Software and services","2024","11/2024","","null","Mhamed Ali Ben MahmoudWalid Tanazefti","n.a.","n.a."
"undefined","Tiktak PRO","Business Software and services","2021","10/2021","","Welinco propose Tiktak PRO une plateforme qui permet la création de boutique en ligne, grâce à laquelle l’utilisateur peut vendre ses produits sur le marché.","Zied Bouhejba","n.a.","n.a."
"undefined","CONTYFIND","Business Software and services","2023","04/2023","","CONTYFIND est une startup de pointe spécialisée dans la digitalisation des processus logistiques et de transport. Nous proposons des applications web et mobiles qui révolutionnent la façon dont les entreprises gèrent leurs processus logistiques. Notre solution innovante comprend une check-list numérique qui garantit l'état apparent de chaque unité tout au long de la chaîne logistique globale.
 
 Notre application permet aux entreprises d'accéder aux listes de contrôle en temps réel, en fournissant des actualités immédiates sur l'état de chaque unité. Cette fonctionnalité permet aux entreprises d'identifier et de gérer tout problème et de prendre rapidement des mesures adéquates.
 
 Nous croyons que le temps, c'est de l'argent. C'est pourquoi notre solution est conçue pour être efficace et conviviale, permettant aux entreprises de centraliser leurs documents et de rationaliser leur flux de travail. En numérisant l'exécution des rapports d'inspection et autres documents, nous aidons les entreprises à gagner du temps, à réduire les coûts et à éliminer la nécessité d'une paperasserie encombrante.
 
 Notre équipe d'experts s'attache à comprendre les besoins uniques de chaque entreprise avec laquelle nous travaillons et à fournir une solution qui réponde à leurs exigences spécifiques. Avec CONTYFIND, les entreprises peuvent prendre le contrôle de leurs opérations logistiques et atteindre leurs objectifs plus rapidement et plus efficacement que jamais.","Aymen SarrajMaan mrabetHassen Tahri","contact@contyfind.com","+216 24 143 362"
"undefined","Myflix","Business Software and services","2021","12/2021","","MYFLIX est une plateforme web « VOD » de stockage, d’affichage et de gestion de data vidéo à la demande dédiée à des organismes et entreprises.","Haythem DridiImen Ben FradjInès BourgouSaber Ben Khaled","n.a.","n.a."
"undefined","Wimbee","Business Software and services","2021","08/2021","","Wimbee Product est une plateforme qui permet de relever les défis des industries via une innovation technologique majeure dans la Data. Aller au-delà des analyses classiques et créer une dynamique collaborative autour des indicateurs de performance. Partager de manière intuitive et naturelle les informations, avec la contribution des concernée pour gérer des plans d'actions, les suivre et de les historiser.","Neila Benzina","n.a.","n.a."
"undefined","NACHD-IT","Business Software and services","2017","09/2019","","Plugin (NACHD-UMS : NACHD University Management System) qui sert à mettre en place rapidement des plateformes universitaires avec synchronisation automatique des services avec les ERP","Ahmed Ben HssounaNourhane Amara","n.a.","n.a."
"undefined","EDATA Warehouse","Business Software and services","2022","01/2023","","EDATA créée une réplique des données de l'ERP sur le cloud  en les enrichissant par des champs additionnels  et en y aggrégant les données issues de la mobilité et celles d'un site marchand Prestashop.  Une API permet d'interagir avec toutes ces données pour développer tout type d'application orientées métiers.","Kamel ChahedFakhri Jemail","infos@data-warehouse.com","+21620517182"
"undefined","istishara","Business Software and services","2021","12/2021","","Istishara est une application mobile de consultation directe a voix vive à tout moment dans les domaines juridique, fiscal, et affaires.","Atef Azizi","n.a.","n.a."
"undefined","Data For Brands","Business Software and services","2022","02/2022","","Data for Brands est une plateforme qui se base sur l’Intelligence Artificielle et le Machine Learning afin de générer des rapports analytiques, qui décrivent l’activité et la réputation digitale des marques ayant une présence en ligne.","Idris Bachali IosadaAbir Chérif","n.a.","n.a."
"undefined","Supremcloud","Business Software and services","2021","09/2021","","Supremcloud Technologies est une plateforme permettant l'exploitation de ressources peer-to-peer en cloud pour les data scientists, ingénieurs et Startups pour les besoins en développement de solution en machine learning ou des analyses big data.","Khaireddine Mejri","n.a.","n.a."
"undefined","DOMODAR","Business Software and services","2016","05/2019","","Domodar est spécialisée dans le développement, conception et fabrication de solutions complètes pour la domotique sans fil et le Smart Farming.","Rochdi ZaghdaneWalid Dhifallah","n.a.","n.a."
"undefined","Tinith","Business Software and services","2020","02/2021","","Tinith permet aux dirigeants et/ou aux entrepreneurs, d’automatiser des processus via une solution low code avec un déploiement rapide et un ROI important sur une courte durée","Ouassim BouzidRamzi Abidi","n.a.","n.a."
"undefined","SmartQ","Business Software and services","2021","03/2021","","SmartQ est un système de gestion des files d'attente (QMS) basé sur le cloud qui permet aux entreprises confrontées à des problèmes de gestion des files d'attente de mieux gérer le flux de leurs clients. Il permet aux personnes de rejoindre une file d'attente à distance, de n'importe où et à tout moment.","Ramzi Zelfani","n.a.","n.a."
"undefined","Smart Mobility","Business Software and services","2014","05/2019","","Nous développons des solutions répondant aux besoins des entreprises dans la gestion de la mobilité de leur personnel.","Mokhles Masmoudi","n.a.","n.a."
"undefined","InstaDeep","Business Software and services","2014","06/2019","","InstaDeep propose des solutions IA pour l'entreprise et des produits IA d'aide à la décision pour plusieurs secteurs tels que la logistique et la mobilité.","Karim BeguirZohra Slim","n.a.","n.a."
"undefined","Datagram","Business Software and services","2020","12/2020","","Datagram est une plateforme de retail analytics permet aux industriels d’accélérer plus vite que leurs concurrence grâce à la puissance des insights et recommandations opérationnelles.","Mohamed Ali Ben Aleya","n.a.","n.a."
"undefined","Next Gen Solution / UnFrauded","Business Software and services","2019","02/2020","","“UnFrauded” est une solution logicielle, dédiée aux compagnies d'assurance automobile, qui permet d'accélérer et digitaliser l'évaluation des dossiers sinistres ainsi qu'une détection de fraudes.","Taha CabaniKamilia NailiNader SomraniAbderahmen JlassiMehdi Choura","n.a.","n.a."
"undefined","TechAccessibility","Business Software and services","2015","05/2019","","TechAccessibility est spécialisée dans la création de solutions informatiques innovantes pour tous.","Nour Ben Yahia","n.a.","n.a."
"undefined","Menutium","Business Software and services","2017","02/2021","","Menutium est un ensemble de services d'abonnement disponible en ligne qui permet aux petits et moyens commerçants de mettre en vente leurs produits en quelques minutes de manière simple sans aucun requis préalable","Salem Mosbah Amine MLIKA","n.a.","n.a."
"undefined","JPARTNERS TUNISIE","Business Software and services","2019","09/2021","","JPARTNERS TUNISIE est specialiste dans le developpement des solutions mobiles orientées aux supply chain","ZIED JBALI","n.a.","n.a."
"undefined","Vital Tools","Business Software and services","2021","08/2021","","Vital Tools est une plateforme de gestion du travail collaboratif basé sur le cloud, pour gérer le travail inter-fonctionnel à grande échelle dans un environnement de ""single-source of truth"".","Yassine BouchouchaAli Babbou","yassine.bouchoucha@vitaltools.tn","+21623096879"
"undefined","SWIVER","Business Software and services","2018","06/2019","","Swiver est un ERP en mode SAS destiné aux TPE et PME pour digitaliser leur process de gestion financière","Azzam SouelmiaACHRAF NOOMAN","n.a.","n.a."
"undefined","Click and win","Business Software and services","2021","11/2021","","isondf est un fournisseur de donnes avec une plateforme de sondage rémunère qui permet de créer des études marketing.","firas yousfiabdessalem bazinemaalawi mehdi","n.a.","n.a."
"undefined","Smart City","Business Software and services","2020","12/2020","","Une plate-forme destinée aux villes et aux petites communautés, où elle crée un centre de communication entre le propriétaire du service ou du produit et la population des villes avec un guide complet de ville qui cherche à construire une ville virtuelle parallèle, synchronisée et intégrée avec la réalité.","ali boukhachem","n.a.","n.a."
"undefined","LKESSA","Business Software and services","2025","11/2025","","null","Chahine FERSINour SaiedFahmy Abdslem Fersi","n.a.","n.a."
"undefined","PROSERVY","Business Software and services","2019","12/2020","","Proservy est une solution qui permet aux entreprises de digitaliser et automatiser le métier de l'office management à travers une plateforme digitale dédiée.","Ahmed DridiWassim JouiniMohamed Elyes Ksontini","n.a.","n.a."
"undefined","Makerfy","Business Software and services","2018","11/2021","","Makerfy est une plateforme SaaS destiné aux Pme, permettant de créer un e-commerce/ service en 30 minutes.","Hani Hamrounidavid di majo","n.a.","n.a."
"undefined","Contratou","Business Software and services","2020","08/2022","","Contratou est une plateforme conçue pour aider les entreprises et les particuliers dans les différentes opérations et démarches juridiques en leurs proposant un système intelligent de génération de documents juridiques.
 
 Elle permet de générer des documents légaux de grande qualité, à un bas coût en quelques clicks.","Walid NouniKais FerchiouOmar Ferchiou","n.a.","n.a."
"undefined","Minima.ai","Business Software and services","2019","12/2019","","Minima.ai Une plateforme d'Automatic Machine Learning (AutoMl) destinée aux PME qui n'ont pas les moyens pour investir dans l'AI.","Houssem Eddine M'rad","n.a.","n.a."
"undefined","Digihunt","Business Software and services","2022","11/2022","","Notre portail met en relation les chercheurs d'emploi en IT et les entreprises cherchant des profils IT. Les offres d’emploi postés par les entreprises sont associés à des tests techniques et des tests psychométriques, ainsi l'entreprise réduit considérablement les risques d'échec de recrutement et on réduit le risque de perte de temps et d’argent.","Ahmed Ismail AzzabiWahiba Ben Fredj","azzabiahmed@digihunt.net","99081081"
"undefined","FranchiseLab","Business Software and services","2022","11/2022","","FranchiseLab est le “Guichet Unique Digital” pour le développement des enseignes en réseau
 utilisant l'intelligence artificielle pour le staffing en ligne de professionnels, le sourcing et le
 financement des affiliés.","Mohamed Amin KallelAymen FerianiWissem Ben AliAmine Hariz","contact@franchiselab.net","58400450 / 98301434"
"undefined","Scaylab","Business Software and services","2022","09/2023","","Scaylab est une plateforme dédiée aux startups en early stage pour offrir une expérience unique, aller plus vite et stimuler leur croissance","Taher Siala","taher@scaylab.fr","0640910112"
"undefined","REC-INov","Business Software and services","2021","03/2021","","REC-INOV est une plateforme de recrutement avec la certification des compétences des profils et matching avec les offres d'emploi à travers un entretien avec Visio sur la plateforme et signature éléctronique.","Hanene MoallaJamila KhlifWajdi Moalla","n.a.","n.a."
"undefined","AvoConsulte","Business Software and services","2022","04/2022","","Avoconsult est une plateforme simple et rapide pour prendre rendez-vous avec un avocat disponible près de chez vous depuis l'annuaire des avocats pour répondre à vos besoins","Alaa Edinee Ben Mbarek","n.a.","n.a."
"undefined","DEFENDR","Business Software and services","2025","09/2025","","null","Mottaki HajouniSeifeddine BahrounWael yahiaoui","n.a.","n.a."
"undefined","FelCloud","Business Software and services","2019","03/2021","","FelCloud est une plateforme de Cloud Computing qui permet aux entreprises d'allouer dynamiquement des ressources informatiques (VM, Stockage, Loadbalancer, Routeur....) avec facturation à la seconde.","Mohamed Amine IBRAHIM","n.a.","n.a."
"undefined","Shipzzer","Business Software and services","2020","03/2021","","Shipzzer développe un Terminal Operating System (TOS) dédié aux transports intermodaux.","Alexandre CourSami Landoulsi","n.a.","n.a."
"undefined","LUNAR EPS","Business Software and services","2020","03/2021","","LUNAR EPS est une solution de travail collaboratif, de planification interne et d’automatisation des workflows.","AHMAD HENTATIMahdi Ghribi","n.a.","n.a."
"undefined","MTCE","Business Software and services","2020","12/2020","","Certely Expert System est une solution de digitalisation de l’implémentation de normes internationales afin d’apporter un processus de certification plus optimisé pour les entreprises.","Fares AmorDhafer Ben AmorNidhal Ben Amor","n.a.","n.a."
"undefined","NeuroData","Business Software and services","2020","12/2020","","NeuroData développe des solutions basées sur l’intelligence artificielle dans plusieurs industries : banques , assurances , fintech , e-commerce , e-learning , Pharmaceutique et logistiques.","Yassine Hamdaoui","n.a.","n.a."
"undefined","Bridges S.A","Business Software and services","2020","03/2021","","Bridges est une solution de digitalisation cloud pour la gestion de la branche santé chez les assurances.","Mahmoud AljanRamzi Amairi","n.a.","n.a."
"undefined","AVOPRO","Business Software and services","2020","12/2020","","AvoPro est une plateforme pour la gestion des cabinets d'avocats et mettre en relation avec les clients à travers un annuaire et un forum","Hamza GassemHatem HamdiAbdel Karim Ben Abdel Malek","n.a.","n.a."
"undefined","Cognira Tunisia","Business Software and services","2016","02/2021","","Cognira est spécialisée dans le conseil et le développement de solutions d’analyse de données destinées aux professionnels du retail, basées sur l'IA et le ML","Hatem Sellami","n.a.","n.a."
"undefined","international business space","Business Software and services","2020","03/2021","","International Business Space, est une plateforme de B2B et Matchmaking entrepreneurial et international, qui permet la mise en contact directe des chefs d’entreprises en Tunisie et à l’étranger et d’avoir une visibilité et un contact avec tous les acteurs économiques en Tunisie et partout dans le monde.","Ghada Sayeh CherifFoued Cherif","n.a.","n.a."